feature,importance
holiday_event,727825.375
ad_status,713333.9375
weekday,690979.1875
avg_price,603441.375
discount_percent,349141.9375
rating,169274.0
subcategory,2168.018310546875
month,86.06212615966797
